tool,db_layout,workload,strategy,N_or_K,rep,prefetch_time_us,n_prefetch,n_syscalls
prefetch_layers,orig,ALL,layers_0,0,1,0.0,0,0
prefetch_layers,orig,ALL,layers_0,0,2,0.0,0,0
prefetch_layers,orig,ALL,layers_0,0,3,0.0,0,0
prefetch_layers,orig,ALL,layers_1,1,1,2.31,1,1
prefetch_layers,orig,ALL,layers_1,1,2,1.65,1,1
prefetch_layers,orig,ALL,layers_1,1,3,2.9,1,1
prefetch_layers,orig,ALL,layers_2,2,1,1.5,2,2
prefetch_layers,orig,ALL,layers_2,2,2,1.67,2,2
prefetch_layers,orig,ALL,layers_2,2,3,1.35,2,2
prefetch_layers,orig,ALL,layers_3,3,1,1.85,3,3
prefetch_layers,orig,ALL,layers_3,3,2,1.62,3,3
prefetch_layers,orig,ALL,layers_3,3,3,1.51,3,3
prefetch_layers,orig,ALL,layers_4,4,1,1.76,4,4
prefetch_layers,orig,ALL,layers_4,4,2,1.73,4,4
prefetch_layers,orig,ALL,layers_4,4,3,1.54,4,4
prefetch_layers,orig,ALL,layers_5,5,1,1.39,5,5
prefetch_layers,orig,ALL,layers_5,5,2,1.15,5,5
prefetch_layers,orig,ALL,layers_5,5,3,1.82,5,5
prefetch_layers,orig,ALL,layers_6,6,1,2.14,6,6
prefetch_layers,orig,ALL,layers_6,6,2,2.26,6,6
prefetch_layers,orig,ALL,layers_6,6,3,1.96,6,6
prefetch_layers,orig,ALL,layers_7,7,1,2.52,7,7
prefetch_layers,orig,ALL,layers_7,7,2,1.87,7,7
prefetch_layers,orig,ALL,layers_7,7,3,2.03,7,7
prefetch_layers,orig,ALL,layers_8,8,1,2.16,8,8
prefetch_layers,orig,ALL,layers_8,8,2,2.05,8,8
prefetch_layers,orig,ALL,layers_8,8,3,1.74,8,8
prefetch_layers,orig,ALL,layers_9,9,1,2.35,9,9
prefetch_layers,orig,ALL,layers_9,9,2,2.22,9,9
prefetch_layers,orig,ALL,layers_9,9,3,2.12,9,9
prefetch_layers,orig,ALL,layers_10,10,1,2.62,10,10
prefetch_layers,orig,ALL,layers_10,10,2,2.05,10,10
prefetch_layers,orig,ALL,layers_10,10,3,2.32,10,10
prefetch_layers,orig,ALL,layers_11,11,1,2.41,11,11
prefetch_layers,orig,ALL,layers_11,11,2,2.95,11,11
prefetch_layers,orig,ALL,layers_11,11,3,2.33,11,11
prefetch_layers,orig,ALL,layers_12,12,1,2.56,12,12
prefetch_layers,orig,ALL,layers_12,12,2,2.82,12,12
prefetch_layers,orig,ALL,layers_12,12,3,2.9,12,12
prefetch_layers,orig,ALL,layers_13,13,1,3.06,13,13
prefetch_layers,orig,ALL,layers_13,13,2,3.07,13,13
prefetch_layers,orig,ALL,layers_13,13,3,2.19,13,13
prefetch_layers,orig,ALL,layers_14,14,1,3.39,14,14
prefetch_layers,orig,ALL,layers_14,14,2,3.32,14,14
prefetch_layers,orig,ALL,layers_14,14,3,3.16,14,14
prefetch_layers,orig,ALL,layers_15,15,1,3.33,15,15
prefetch_layers,orig,ALL,layers_15,15,2,2.77,15,15
prefetch_layers,orig,ALL,layers_15,15,3,3.0,15,15
prefetch_layers,orig,ALL,layers_16,16,1,2.87,16,16
prefetch_layers,orig,ALL,layers_16,16,2,3.48,16,16
prefetch_layers,orig,ALL,layers_16,16,3,3.56,16,16
prefetch_layers,orig,ALL,layers_17,17,1,3.56,17,17
prefetch_layers,orig,ALL,layers_17,17,2,3.76,17,17
prefetch_layers,orig,ALL,layers_17,17,3,3.41,17,17
prefetch_layers,orig,ALL,layers_18,18,1,3.84,18,18
prefetch_layers,orig,ALL,layers_18,18,2,3.98,18,18
prefetch_layers,orig,ALL,layers_18,18,3,3.82,18,18
prefetch_layers,orig,ALL,layers_19,19,1,4.12,19,19
prefetch_layers,orig,ALL,layers_19,19,2,3.89,19,19
prefetch_layers,orig,ALL,layers_19,19,3,3.81,19,19
prefetch_layers,orig,ALL,layers_20,20,1,3.83,20,20
prefetch_layers,orig,ALL,layers_20,20,2,3.63,20,20
prefetch_layers,orig,ALL,layers_20,20,3,4.19,20,20
prefetch_layers,orig,ALL,layers_21,21,1,4.07,21,21
prefetch_layers,orig,ALL,layers_21,21,2,4.43,21,21
prefetch_layers,orig,ALL,layers_21,21,3,3.42,21,21
prefetch_layers,orig,ALL,layers_22,22,1,4.65,22,22
prefetch_layers,orig,ALL,layers_22,22,2,4.36,22,22
prefetch_layers,orig,ALL,layers_22,22,3,4.38,22,22
prefetch_layers,orig,ALL,layers_23,23,1,4.33,23,23
prefetch_layers,orig,ALL,layers_23,23,2,4.24,23,23
prefetch_layers,orig,ALL,layers_23,23,3,4.55,23,23
prefetch_layers,orig,ALL,layers_24,24,1,4.85,24,24
prefetch_layers,orig,ALL,layers_24,24,2,4.34,24,24
prefetch_layers,orig,ALL,layers_24,24,3,4.01,24,24
prefetch_layers,orig,ALL,layers_25,25,1,4.88,25,25
prefetch_layers,orig,ALL,layers_25,25,2,5.13,25,25
prefetch_layers,orig,ALL,layers_25,25,3,4.23,25,25
prefetch_layers,orig,ALL,layers_26,26,1,4.94,26,26
prefetch_layers,orig,ALL,layers_26,26,2,5.58,26,26
prefetch_layers,orig,ALL,layers_26,26,3,5.03,26,26
prefetch_layers,orig,ALL,layers_27,27,1,4.89,27,27
prefetch_layers,orig,ALL,layers_27,27,2,4.83,27,27
prefetch_layers,orig,ALL,layers_27,27,3,4.94,27,27
prefetch_layers,orig,ALL,layers_28,28,1,5.28,28,28
prefetch_layers,orig,ALL,layers_28,28,2,4.91,28,28
prefetch_layers,orig,ALL,layers_28,28,3,5.13,28,28
prefetch_layers,orig,ALL,layers_29,29,1,5.3,29,29
prefetch_layers,orig,ALL,layers_29,29,2,5.01,29,29
prefetch_layers,orig,ALL,layers_29,29,3,5.35,29,29
prefetch_layers,orig,ALL,layers_30,30,1,5.51,30,30
prefetch_layers,orig,ALL,layers_30,30,2,5.2,30,30
prefetch_layers,orig,ALL,layers_30,30,3,5.14,30,30
prefetch_layers,orig,ALL,layers_31,31,1,5.45,31,31
prefetch_layers,orig,ALL,layers_31,31,2,5.97,31,31
prefetch_layers,orig,ALL,layers_31,31,3,5.52,31,31
prefetch_layers,orig,ALL,layers_32,32,1,5.54,32,32
prefetch_layers,orig,ALL,layers_32,32,2,5.82,32,32
prefetch_layers,orig,ALL,layers_32,32,3,6.23,32,32
prefetch_layers,orig,ALL,layers_33,33,1,5.83,33,33
prefetch_layers,orig,ALL,layers_33,33,2,6.27,33,33
prefetch_layers,orig,ALL,layers_33,33,3,5.62,33,33
prefetch_layers,orig,ALL,layers_34,34,1,6.05,34,34
prefetch_layers,orig,ALL,layers_34,34,2,6.23,34,34
prefetch_layers,orig,ALL,layers_34,34,3,6.36,34,34
prefetch_layers,orig,ALL,layers_35,35,1,6.41,35,35
prefetch_layers,orig,ALL,layers_35,35,2,6.26,35,35
prefetch_layers,orig,ALL,layers_35,35,3,6.26,35,35
prefetch_layers,orig,ALL,layers_36,36,1,6.94,36,36
prefetch_layers,orig,ALL,layers_36,36,2,6.72,36,36
prefetch_layers,orig,ALL,layers_36,36,3,6.58,36,36
prefetch_layers,orig,ALL,layers_37,37,1,6.76,37,37
prefetch_layers,orig,ALL,layers_37,37,2,6.78,37,37
prefetch_layers,orig,ALL,layers_37,37,3,6.33,37,37
prefetch_layers,orig,ALL,layers_38,38,1,6.73,38,38
prefetch_layers,orig,ALL,layers_38,38,2,6.85,38,38
prefetch_layers,orig,ALL,layers_38,38,3,6.94,38,38
prefetch_layers,orig,ALL,layers_39,39,1,6.89,39,39
prefetch_layers,orig,ALL,layers_39,39,2,7.07,39,39
prefetch_layers,orig,ALL,layers_39,39,3,6.73,39,39
prefetch_layers,orig,ALL,layers_40,40,1,7.43,40,40
prefetch_layers,orig,ALL,layers_40,40,2,6.47,40,40
prefetch_layers,orig,ALL,layers_40,40,3,7.17,40,40
prefetch_layers,orig,ALL,layers_41,41,1,7.33,41,41
prefetch_layers,orig,ALL,layers_41,41,2,8.63,41,41
prefetch_layers,orig,ALL,layers_41,41,3,6.55,41,41
prefetch_layers,orig,ALL,layers_42,42,1,7.67,42,42
prefetch_layers,orig,ALL,layers_42,42,2,7.55,42,42
prefetch_layers,orig,ALL,layers_42,42,3,7.22,42,42
prefetch_layers,orig,ALL,layers_43,43,1,7.47,43,43
prefetch_layers,orig,ALL,layers_43,43,2,7.02,43,43
prefetch_layers,orig,ALL,layers_43,43,3,7.26,43,43
prefetch_layers,orig,ALL,layers_44,44,1,7.2,44,44
prefetch_layers,orig,ALL,layers_44,44,2,7.55,44,44
prefetch_layers,orig,ALL,layers_44,44,3,8.21,44,44
prefetch_layers,orig,ALL,layers_45,45,1,7.89,45,45
prefetch_layers,orig,ALL,layers_45,45,2,8.12,45,45
prefetch_layers,orig,ALL,layers_45,45,3,7.75,45,45
prefetch_layers,orig,ALL,layers_46,46,1,8.5,46,46
prefetch_layers,orig,ALL,layers_46,46,2,7.75,46,46
prefetch_layers,orig,ALL,layers_46,46,3,7.75,46,46
prefetch_layers,orig,ALL,layers_47,47,1,8.11,47,47
prefetch_layers,orig,ALL,layers_47,47,2,8.25,47,47
prefetch_layers,orig,ALL,layers_47,47,3,7.61,47,47
prefetch_layers,orig,ALL,layers_48,48,1,8.09,48,48
prefetch_layers,orig,ALL,layers_48,48,2,8.51,48,48
prefetch_layers,orig,ALL,layers_48,48,3,8.5,48,48
prefetch_layers,orig,ALL,layers_49,49,1,8.31,49,49
prefetch_layers,orig,ALL,layers_49,49,2,8.43,49,49
prefetch_layers,orig,ALL,layers_49,49,3,8.45,49,49
prefetch_layers,orig,ALL,layers_50,50,1,9.0,50,50
prefetch_layers,orig,ALL,layers_50,50,2,8.38,50,50
prefetch_layers,orig,ALL,layers_50,50,3,8.37,50,50
prefetch_layers,orig,ALL,layers_51,51,1,8.41,51,51
prefetch_layers,orig,ALL,layers_51,51,2,9.02,51,51
prefetch_layers,orig,ALL,layers_51,51,3,8.66,51,51
prefetch_layers,orig,ALL,layers_52,52,1,8.74,52,52
prefetch_layers,orig,ALL,layers_52,52,2,8.51,52,52
prefetch_layers,orig,ALL,layers_52,52,3,8.8,52,52
prefetch_layers,orig,ALL,layers_53,53,1,9.23,53,53
prefetch_layers,orig,ALL,layers_53,53,2,8.56,53,53
prefetch_layers,orig,ALL,layers_53,53,3,9.47,53,53
prefetch_layers,orig,ALL,layers_54,54,1,9.48,54,54
prefetch_layers,orig,ALL,layers_54,54,2,9.31,54,54
prefetch_layers,orig,ALL,layers_54,54,3,9.37,54,54
prefetch_layers,orig,ALL,layers_55,55,1,8.96,55,55
prefetch_layers,orig,ALL,layers_55,55,2,9.06,55,55
prefetch_layers,orig,ALL,layers_55,55,3,9.77,55,55
prefetch_layers,orig,ALL,layers_56,56,1,9.44,56,56
prefetch_layers,orig,ALL,layers_56,56,2,9.8,56,56
prefetch_layers,orig,ALL,layers_56,56,3,9.08,56,56
prefetch_layers,orig,ALL,layers_57,57,1,9.19,57,57
prefetch_layers,orig,ALL,layers_57,57,2,10.14,57,57
prefetch_layers,orig,ALL,layers_57,57,3,8.96,57,57
prefetch_layers,orig,ALL,layers_58,58,1,9.92,58,58
prefetch_layers,orig,ALL,layers_58,58,2,10.12,58,58
prefetch_layers,orig,ALL,layers_58,58,3,10.12,58,58
prefetch_layers,orig,ALL,layers_59,59,1,9.62,59,59
prefetch_layers,orig,ALL,layers_59,59,2,10.52,59,59
prefetch_layers,orig,ALL,layers_59,59,3,9.82,59,59
prefetch_layers,orig,ALL,layers_60,60,1,26.26,60,60
prefetch_layers,orig,ALL,layers_60,60,2,10.04,60,60
prefetch_layers,orig,ALL,layers_60,60,3,9.44,60,60
prefetch_layers,orig,ALL,layers_61,61,1,10.64,61,61
prefetch_layers,orig,ALL,layers_61,61,2,10.86,61,61
prefetch_layers,orig,ALL,layers_61,61,3,9.92,61,61
prefetch_layers,orig,ALL,layers_62,62,1,10.39,62,62
prefetch_layers,orig,ALL,layers_62,62,2,10.24,62,62
prefetch_layers,orig,ALL,layers_62,62,3,10.86,62,62
prefetch_layers,orig,ALL,layers_63,63,1,10.99,63,63
prefetch_layers,orig,ALL,layers_63,63,2,11.09,63,63
prefetch_layers,orig,ALL,layers_63,63,3,10.58,63,63
prefetch_layers,orig,ALL,layers_64,64,1,10.79,64,64
prefetch_layers,orig,ALL,layers_64,64,2,9.65,64,64
prefetch_layers,orig,ALL,layers_64,64,3,10.54,64,64
prefetch_layers,orig,ALL,layers_65,65,1,12.4,65,65
prefetch_layers,orig,ALL,layers_65,65,2,10.82,65,65
prefetch_layers,orig,ALL,layers_65,65,3,11.02,65,65
prefetch_layers,orig,ALL,layers_66,66,1,11.36,66,66
prefetch_layers,orig,ALL,layers_66,66,2,11.17,66,66
prefetch_layers,orig,ALL,layers_66,66,3,10.57,66,66
prefetch_layers,orig,ALL,layers_67,67,1,10.76,67,67
prefetch_layers,orig,ALL,layers_67,67,2,10.82,67,67
prefetch_layers,orig,ALL,layers_67,67,3,11.67,67,67
prefetch_layers,orig,ALL,layers_68,68,1,11.54,68,68
prefetch_layers,orig,ALL,layers_68,68,2,11.31,68,68
prefetch_layers,orig,ALL,layers_68,68,3,11.06,68,68
prefetch_layers,orig,ALL,layers_69,69,1,12.14,69,69
prefetch_layers,orig,ALL,layers_69,69,2,11.31,69,69
prefetch_layers,orig,ALL,layers_69,69,3,10.8,69,69
prefetch_layers,orig,ALL,layers_70,70,1,12.01,70,70
prefetch_layers,orig,ALL,layers_70,70,2,10.77,70,70
prefetch_layers,orig,ALL,layers_70,70,3,12.05,70,70
prefetch_layers,orig,ALL,layers_71,71,1,12.04,71,71
prefetch_layers,orig,ALL,layers_71,71,2,11.57,71,71
prefetch_layers,orig,ALL,layers_71,71,3,12.2,71,71
prefetch_layers,orig,ALL,layers_72,72,1,11.61,72,72
prefetch_layers,orig,ALL,layers_72,72,2,11.61,72,72
prefetch_layers,orig,ALL,layers_72,72,3,11.47,72,72
prefetch_layers,orig,ALL,layers_73,73,1,12.65,73,73
prefetch_layers,orig,ALL,layers_73,73,2,12.13,73,73
prefetch_layers,orig,ALL,layers_73,73,3,12.18,73,73
prefetch_layers,orig,ALL,layers_74,74,1,12.47,74,74
prefetch_layers,orig,ALL,layers_74,74,2,12.62,74,74
prefetch_layers,orig,ALL,layers_74,74,3,11.68,74,74
prefetch_layers,orig,ALL,layers_75,75,1,13.16,75,75
prefetch_layers,orig,ALL,layers_75,75,2,12.55,75,75
prefetch_layers,orig,ALL,layers_75,75,3,12.88,75,75
prefetch_layers,orig,ALL,layers_76,76,1,12.37,76,76
prefetch_layers,orig,ALL,layers_76,76,2,12.12,76,76
prefetch_layers,orig,ALL,layers_76,76,3,12.39,76,76
prefetch_layers,orig,ALL,layers_77,77,1,12.5,77,77
prefetch_layers,orig,ALL,layers_77,77,2,13.38,77,77
prefetch_layers,orig,ALL,layers_77,77,3,11.97,77,77
prefetch_layers,orig,ALL,layers_78,78,1,13.61,78,78
prefetch_layers,orig,ALL,layers_78,78,2,13.28,78,78
prefetch_layers,orig,ALL,layers_78,78,3,12.79,78,78
prefetch_layers,orig,ALL,layers_79,79,1,12.8,79,79
prefetch_layers,orig,ALL,layers_79,79,2,12.4,79,79
prefetch_layers,orig,ALL,layers_79,79,3,13.02,79,79
prefetch_layers,orig,ALL,layers_80,80,1,12.93,80,80
prefetch_layers,orig,ALL,layers_80,80,2,13.99,80,80
prefetch_layers,orig,ALL,layers_80,80,3,16.68,80,80
prefetch_layers,orig,ALL,layers_81,81,1,13.21,81,81
prefetch_layers,orig,ALL,layers_81,81,2,13.13,81,81
prefetch_layers,orig,ALL,layers_81,81,3,14.44,81,81
prefetch_layers,orig,ALL,layers_82,82,1,17.02,82,82
prefetch_layers,orig,ALL,layers_82,82,2,14.03,82,82
prefetch_layers,orig,ALL,layers_82,82,3,13.12,82,82
prefetch_layers,orig,ALL,layers_83,83,1,14.23,83,83
prefetch_layers,orig,ALL,layers_83,83,2,13.29,83,83
prefetch_layers,orig,ALL,layers_83,83,3,13.66,83,83
prefetch_layers,orig,ALL,layers_84,84,1,13.94,84,84
prefetch_layers,orig,ALL,layers_84,84,2,14.63,84,84
prefetch_layers,orig,ALL,layers_84,84,3,13.46,84,84
prefetch_layers,orig,ALL,layers_85,85,1,14.0,85,85
prefetch_layers,orig,ALL,layers_85,85,2,13.99,85,85
prefetch_layers,orig,ALL,layers_85,85,3,14.41,85,85
prefetch_layers,orig,ALL,layers_86,86,1,13.73,86,86
prefetch_layers,orig,ALL,layers_86,86,2,14.31,86,86
prefetch_layers,orig,ALL,layers_86,86,3,13.07,86,86
prefetch_layers,orig,ALL,layers_87,87,1,14.94,87,87
prefetch_layers,orig,ALL,layers_87,87,2,13.55,87,87
prefetch_layers,orig,ALL,layers_87,87,3,14.23,87,87
prefetch_layers,orig,ALL,layers_88,88,1,14.27,88,88
prefetch_layers,orig,ALL,layers_88,88,2,14.47,88,88
prefetch_layers,orig,ALL,layers_88,88,3,14.33,88,88
prefetch_layers,orig,ALL,layers_89,89,1,15.51,89,89
prefetch_layers,orig,ALL,layers_89,89,2,14.26,89,89
prefetch_layers,orig,ALL,layers_89,89,3,14.02,89,89
prefetch_layers,orig,ALL,layers_90,90,1,14.79,90,90
prefetch_layers,orig,ALL,layers_90,90,2,15.25,90,90
prefetch_layers,orig,ALL,layers_90,90,3,14.59,90,90
prefetch_layers,orig,ALL,layers_91,91,1,15.19,91,91
prefetch_layers,orig,ALL,layers_91,91,2,14.4,91,91
prefetch_layers,orig,ALL,layers_91,91,3,15.53,91,91
prefetch_layers,orig,ALL,layers_92,92,1,15.23,92,92
prefetch_layers,orig,ALL,layers_92,92,2,15.27,92,92
prefetch_layers,orig,ALL,layers_92,92,3,15.27,92,92
prefetch_layers,vacuum,ALL,layers_0,0,1,0.0,0,0
prefetch_layers,vacuum,ALL,layers_0,0,2,0.0,0,0
prefetch_layers,vacuum,ALL,layers_0,0,3,0.0,0,0
prefetch_layers,vacuum,ALL,layers_1,1,1,1.26,1,1
prefetch_layers,vacuum,ALL,layers_1,1,2,1.34,1,1
prefetch_layers,vacuum,ALL,layers_1,1,3,0.4,1,1
prefetch_layers,vacuum,ALL,layers_2,2,1,0.89,2,2
prefetch_layers,vacuum,ALL,layers_2,2,2,0.74,2,2
prefetch_layers,vacuum,ALL,layers_2,2,3,0.93,2,2
prefetch_layers,vacuum,ALL,layers_3,3,1,1.36,3,3
prefetch_layers,vacuum,ALL,layers_3,3,2,0.89,3,3
prefetch_layers,vacuum,ALL,layers_3,3,3,1.17,3,3
prefetch_layers,vacuum,ALL,layers_4,4,1,1.79,4,4
prefetch_layers,vacuum,ALL,layers_4,4,2,1.6,4,4
prefetch_layers,vacuum,ALL,layers_4,4,3,1.54,4,4
prefetch_layers,vacuum,ALL,layers_5,5,1,1.78,5,5
prefetch_layers,vacuum,ALL,layers_5,5,2,1.28,5,5
prefetch_layers,vacuum,ALL,layers_5,5,3,1.71,5,5
prefetch_layers,vacuum,ALL,layers_6,6,1,1.47,6,6
prefetch_layers,vacuum,ALL,layers_6,6,2,2.06,6,6
prefetch_layers,vacuum,ALL,layers_6,6,3,2.01,6,6
prefetch_layers,vacuum,ALL,layers_7,7,1,2.06,7,7
prefetch_layers,vacuum,ALL,layers_7,7,2,2.27,7,7
prefetch_layers,vacuum,ALL,layers_7,7,3,2.31,7,7
prefetch_layers,vacuum,ALL,layers_8,8,1,2.23,8,8
prefetch_layers,vacuum,ALL,layers_8,8,2,1.85,8,8
prefetch_layers,vacuum,ALL,layers_8,8,3,1.73,8,8
prefetch_layers,vacuum,ALL,layers_9,9,1,2.22,9,9
prefetch_layers,vacuum,ALL,layers_9,9,2,2.42,9,9
prefetch_layers,vacuum,ALL,layers_9,9,3,1.99,9,9
prefetch_layers,vacuum,ALL,layers_10,10,1,2.56,10,10
prefetch_layers,vacuum,ALL,layers_10,10,2,2.42,10,10
prefetch_layers,vacuum,ALL,layers_10,10,3,2.21,10,10
prefetch_layers,vacuum,ALL,layers_11,11,1,2.38,11,11
prefetch_layers,vacuum,ALL,layers_11,11,2,2.42,11,11
prefetch_layers,vacuum,ALL,layers_11,11,3,2.85,11,11
prefetch_layers,vacuum,ALL,layers_12,12,1,3.24,12,12
prefetch_layers,vacuum,ALL,layers_12,12,2,2.52,12,12
prefetch_layers,vacuum,ALL,layers_12,12,3,2.48,12,12
prefetch_layers,vacuum,ALL,layers_13,13,1,3.06,13,13
prefetch_layers,vacuum,ALL,layers_13,13,2,2.87,13,13
prefetch_layers,vacuum,ALL,layers_13,13,3,2.75,13,13
prefetch_layers,vacuum,ALL,layers_14,14,1,2.88,14,14
prefetch_layers,vacuum,ALL,layers_14,14,2,3.32,14,14
prefetch_layers,vacuum,ALL,layers_14,14,3,2.62,14,14
prefetch_layers,vacuum,ALL,layers_15,15,1,3.4,15,15
prefetch_layers,vacuum,ALL,layers_15,15,2,3.44,15,15
prefetch_layers,vacuum,ALL,layers_15,15,3,3.17,15,15
prefetch_layers,vacuum,ALL,layers_16,16,1,3.2,16,16
prefetch_layers,vacuum,ALL,layers_16,16,2,3.12,16,16
prefetch_layers,vacuum,ALL,layers_16,16,3,3.08,16,16
prefetch_layers,vacuum,ALL,layers_17,17,1,3.26,17,17
prefetch_layers,vacuum,ALL,layers_17,17,2,3.99,17,17
prefetch_layers,vacuum,ALL,layers_17,17,3,3.59,17,17
prefetch_layers,vacuum,ALL,layers_18,18,1,3.77,18,18
prefetch_layers,vacuum,ALL,layers_18,18,2,3.68,18,18
prefetch_layers,vacuum,ALL,layers_18,18,3,3.97,18,18
prefetch_layers,vacuum,ALL,layers_19,19,1,3.94,19,19
prefetch_layers,vacuum,ALL,layers_19,19,2,3.78,19,19
prefetch_layers,vacuum,ALL,layers_19,19,3,3.51,19,19
prefetch_layers,vacuum,ALL,layers_20,20,1,3.62,20,20
prefetch_layers,vacuum,ALL,layers_20,20,2,3.82,20,20
prefetch_layers,vacuum,ALL,layers_20,20,3,3.77,20,20
prefetch_layers,vacuum,ALL,layers_21,21,1,4.32,21,21
prefetch_layers,vacuum,ALL,layers_21,21,2,3.79,21,21
prefetch_layers,vacuum,ALL,layers_21,21,3,4.2,21,21
prefetch_layers,vacuum,ALL,layers_22,22,1,4.82,22,22
prefetch_layers,vacuum,ALL,layers_22,22,2,4.25,22,22
prefetch_layers,vacuum,ALL,layers_22,22,3,4.46,22,22
prefetch_layers,vacuum,ALL,layers_23,23,1,4.22,23,23
prefetch_layers,vacuum,ALL,layers_23,23,2,4.25,23,23
prefetch_layers,vacuum,ALL,layers_23,23,3,4.43,23,23
prefetch_layers,vacuum,ALL,layers_24,24,1,4.65,24,24
prefetch_layers,vacuum,ALL,layers_24,24,2,4.29,24,24
prefetch_layers,vacuum,ALL,layers_24,24,3,4.21,24,24
prefetch_layers,vacuum,ALL,layers_25,25,1,4.52,25,25
prefetch_layers,vacuum,ALL,layers_25,25,2,5.25,25,25
prefetch_layers,vacuum,ALL,layers_25,25,3,4.81,25,25
prefetch_layers,vacuum,ALL,layers_26,26,1,5.18,26,26
prefetch_layers,vacuum,ALL,layers_26,26,2,4.98,26,26
prefetch_layers,vacuum,ALL,layers_26,26,3,5.09,26,26
prefetch_layers,vacuum,ALL,layers_27,27,1,5.31,27,27
prefetch_layers,vacuum,ALL,layers_27,27,2,5.2,27,27
prefetch_layers,vacuum,ALL,layers_27,27,3,4.59,27,27
prefetch_layers,vacuum,ALL,layers_28,28,1,4.96,28,28
prefetch_layers,vacuum,ALL,layers_28,28,2,5.09,28,28
prefetch_layers,vacuum,ALL,layers_28,28,3,5.27,28,28
prefetch_layers,vacuum,ALL,layers_29,29,1,5.04,29,29
prefetch_layers,vacuum,ALL,layers_29,29,2,5.71,29,29
prefetch_layers,vacuum,ALL,layers_29,29,3,5.42,29,29
prefetch_layers,vacuum,ALL,layers_30,30,1,6.04,30,30
prefetch_layers,vacuum,ALL,layers_30,30,2,5.17,30,30
prefetch_layers,vacuum,ALL,layers_30,30,3,5.41,30,30
prefetch_layers,vacuum,ALL,layers_31,31,1,6.07,31,31
prefetch_layers,vacuum,ALL,layers_31,31,2,6.18,31,31
prefetch_layers,vacuum,ALL,layers_31,31,3,5.99,31,31
prefetch_layers,vacuum,ALL,layers_32,32,1,5.93,32,32
prefetch_layers,vacuum,ALL,layers_32,32,2,6.25,32,32
prefetch_layers,vacuum,ALL,layers_32,32,3,5.96,32,32
prefetch_layers,vacuum,ALL,layers_33,33,1,5.98,33,33
prefetch_layers,vacuum,ALL,layers_33,33,2,5.9,33,33
prefetch_layers,vacuum,ALL,layers_33,33,3,6.6,33,33
prefetch_layers,vacuum,ALL,layers_34,34,1,6.66,34,34
prefetch_layers,vacuum,ALL,layers_34,34,2,6.18,34,34
prefetch_layers,vacuum,ALL,layers_34,34,3,5.48,34,34
prefetch_layers,vacuum,ALL,layers_35,35,1,6.86,35,35
prefetch_layers,vacuum,ALL,layers_35,35,2,6.7,35,35
prefetch_layers,vacuum,ALL,layers_35,35,3,6.12,35,35
prefetch_layers,vacuum,ALL,layers_36,36,1,7.31,36,36
prefetch_layers,vacuum,ALL,layers_36,36,2,6.48,36,36
prefetch_layers,vacuum,ALL,layers_36,36,3,6.0,36,36
prefetch_layers,vacuum,ALL,layers_37,37,1,6.75,37,37
prefetch_layers,vacuum,ALL,layers_37,37,2,6.9,37,37
prefetch_layers,vacuum,ALL,layers_37,37,3,6.83,37,37
prefetch_layers,vacuum,ALL,layers_38,38,1,6.39,38,38
prefetch_layers,vacuum,ALL,layers_38,38,2,7.16,38,38
prefetch_layers,vacuum,ALL,layers_38,38,3,6.62,38,38
prefetch_layers,vacuum,ALL,layers_39,39,1,7.3,39,39
prefetch_layers,vacuum,ALL,layers_39,39,2,7.02,39,39
prefetch_layers,vacuum,ALL,layers_39,39,3,7.11,39,39
prefetch_layers,vacuum,ALL,layers_40,40,1,7.29,40,40
prefetch_layers,vacuum,ALL,layers_40,40,2,7.39,40,40
prefetch_layers,vacuum,ALL,layers_40,40,3,7.08,40,40
prefetch_layers,vacuum,ALL,layers_41,41,1,7.45,41,41
prefetch_layers,vacuum,ALL,layers_41,41,2,7.17,41,41
prefetch_layers,vacuum,ALL,layers_41,41,3,7.16,41,41
prefetch_layers,vacuum,ALL,layers_42,42,1,7.56,42,42
prefetch_layers,vacuum,ALL,layers_42,42,2,7.88,42,42
prefetch_layers,vacuum,ALL,layers_42,42,3,7.25,42,42
prefetch_layers,vacuum,ALL,layers_43,43,1,7.55,43,43
prefetch_layers,vacuum,ALL,layers_43,43,2,7.4,43,43
prefetch_layers,vacuum,ALL,layers_43,43,3,7.92,43,43
prefetch_layers,vacuum,ALL,layers_44,44,1,7.05,44,44
prefetch_layers,vacuum,ALL,layers_44,44,2,7.87,44,44
prefetch_layers,vacuum,ALL,layers_44,44,3,7.66,44,44
prefetch_layers,vacuum,ALL,layers_45,45,1,8.65,45,45
prefetch_layers,vacuum,ALL,layers_45,45,2,7.63,45,45
prefetch_layers,vacuum,ALL,layers_45,45,3,7.39,45,45
prefetch_layers,vacuum,ALL,layers_46,46,1,8.32,46,46
prefetch_layers,vacuum,ALL,layers_46,46,2,8.01,46,46
prefetch_layers,vacuum,ALL,layers_46,46,3,8.01,46,46
prefetch_layers,vacuum,ALL,layers_47,47,1,8.72,47,47
prefetch_layers,vacuum,ALL,layers_47,47,2,7.96,47,47
prefetch_layers,vacuum,ALL,layers_47,47,3,8.02,47,47
prefetch_layers,vacuum,ALL,layers_48,48,1,8.39,48,48
prefetch_layers,vacuum,ALL,layers_48,48,2,7.96,48,48
prefetch_layers,vacuum,ALL,layers_48,48,3,7.93,48,48
prefetch_layers,vacuum,ALL,layers_49,49,1,8.54,49,49
prefetch_layers,vacuum,ALL,layers_49,49,2,9.12,49,49
prefetch_layers,vacuum,ALL,layers_49,49,3,8.38,49,49
prefetch_layers,vacuum,ALL,layers_50,50,1,8.73,50,50
prefetch_layers,vacuum,ALL,layers_50,50,2,8.88,50,50
prefetch_layers,vacuum,ALL,layers_50,50,3,8.52,50,50
prefetch_layers,vacuum,ALL,layers_51,51,1,9.55,51,51
prefetch_layers,vacuum,ALL,layers_51,51,2,8.52,51,51
prefetch_layers,vacuum,ALL,layers_51,51,3,9.17,51,51
prefetch_layers,vacuum,ALL,layers_52,52,1,9.24,52,52
prefetch_layers,vacuum,ALL,layers_52,52,2,9.63,52,52
prefetch_layers,vacuum,ALL,layers_52,52,3,8.62,52,52
prefetch_layers,vacuum,ALL,layers_53,53,1,9.45,53,53
prefetch_layers,vacuum,ALL,layers_53,53,2,9.4,53,53
prefetch_layers,vacuum,ALL,layers_53,53,3,9.66,53,53
prefetch_layers,vacuum,ALL,layers_54,54,1,9.43,54,54
prefetch_layers,vacuum,ALL,layers_54,54,2,9.33,54,54
prefetch_layers,vacuum,ALL,layers_54,54,3,9.55,54,54
prefetch_layers,vacuum,ALL,layers_55,55,1,9.48,55,55
prefetch_layers,vacuum,ALL,layers_55,55,2,9.8,55,55
prefetch_layers,vacuum,ALL,layers_55,55,3,9.32,55,55
prefetch_layers,vacuum,ALL,layers_56,56,1,9.28,56,56
prefetch_layers,vacuum,ALL,layers_56,56,2,9.19,56,56
prefetch_layers,vacuum,ALL,layers_56,56,3,10.16,56,56
prefetch_layers,vacuum,ALL,layers_57,57,1,9.57,57,57
prefetch_layers,vacuum,ALL,layers_57,57,2,10.71,57,57
prefetch_layers,vacuum,ALL,layers_57,57,3,9.94,57,57
prefetch_layers,vacuum,ALL,layers_58,58,1,10.03,58,58
prefetch_layers,vacuum,ALL,layers_58,58,2,9.51,58,58
prefetch_layers,vacuum,ALL,layers_58,58,3,10.34,58,58
prefetch_layers,vacuum,ALL,layers_59,59,1,9.91,59,59
prefetch_layers,vacuum,ALL,layers_59,59,2,10.58,59,59
prefetch_layers,vacuum,ALL,layers_59,59,3,10.37,59,59
prefetch_layers,vacuum,ALL,layers_60,60,1,10.64,60,60
prefetch_layers,vacuum,ALL,layers_60,60,2,10.14,60,60
prefetch_layers,vacuum,ALL,layers_60,60,3,9.99,60,60
prefetch_layers,vacuum,ALL,layers_61,61,1,19.21,61,61
prefetch_layers,vacuum,ALL,layers_61,61,2,10.12,61,61
prefetch_layers,vacuum,ALL,layers_61,61,3,10.34,61,61
prefetch_layers,vacuum,ALL,layers_62,62,1,11.17,62,62
prefetch_layers,vacuum,ALL,layers_62,62,2,10.28,62,62
prefetch_layers,vacuum,ALL,layers_62,62,3,10.42,62,62
prefetch_layers,vacuum,ALL,layers_63,63,1,10.6,63,63
prefetch_layers,vacuum,ALL,layers_63,63,2,10.53,63,63
prefetch_layers,vacuum,ALL,layers_63,63,3,14.56,63,63
prefetch_layers,vacuum,ALL,layers_64,64,1,11.44,64,64
prefetch_layers,vacuum,ALL,layers_64,64,2,10.71,64,64
prefetch_layers,vacuum,ALL,layers_64,64,3,10.34,64,64
prefetch_layers,vacuum,ALL,layers_65,65,1,11.78,65,65
prefetch_layers,vacuum,ALL,layers_65,65,2,10.24,65,65
prefetch_layers,vacuum,ALL,layers_65,65,3,10.85,65,65
prefetch_layers,vacuum,ALL,layers_66,66,1,10.79,66,66
prefetch_layers,vacuum,ALL,layers_66,66,2,10.55,66,66
prefetch_layers,vacuum,ALL,layers_66,66,3,10.89,66,66
prefetch_layers,vacuum,ALL,layers_67,67,1,11.88,67,67
prefetch_layers,vacuum,ALL,layers_67,67,2,11.42,67,67
prefetch_layers,vacuum,ALL,layers_67,67,3,11.33,67,67
prefetch_layers,vacuum,ALL,layers_68,68,1,11.01,68,68
prefetch_layers,vacuum,ALL,layers_68,68,2,12.13,68,68
prefetch_layers,vacuum,ALL,layers_68,68,3,10.15,68,68
prefetch_layers,vacuum,ALL,layers_69,69,1,11.42,69,69
prefetch_layers,vacuum,ALL,layers_69,69,2,11.22,69,69
prefetch_layers,vacuum,ALL,layers_69,69,3,12.09,69,69
prefetch_layers,vacuum,ALL,layers_70,70,1,11.93,70,70
prefetch_layers,vacuum,ALL,layers_70,70,2,11.79,70,70
prefetch_layers,vacuum,ALL,layers_70,70,3,11.66,70,70
prefetch_layers,vacuum,ALL,layers_71,71,1,12.25,71,71
prefetch_layers,vacuum,ALL,layers_71,71,2,11.78,71,71
prefetch_layers,vacuum,ALL,layers_71,71,3,12.11,71,71
prefetch_layers,vacuum,ALL,layers_72,72,1,12.27,72,72
prefetch_layers,vacuum,ALL,layers_72,72,2,12.52,72,72
prefetch_layers,vacuum,ALL,layers_72,72,3,12.0,72,72
prefetch_layers,vacuum,ALL,layers_73,73,1,12.81,73,73
prefetch_layers,vacuum,ALL,layers_73,73,2,12.09,73,73
prefetch_layers,vacuum,ALL,layers_73,73,3,12.62,73,73
prefetch_layers,vacuum,ALL,layers_74,74,1,12.62,74,74
prefetch_layers,vacuum,ALL,layers_74,74,2,12.43,74,74
prefetch_layers,vacuum,ALL,layers_74,74,3,12.28,74,74
prefetch_layers,vacuum,ALL,layers_75,75,1,12.75,75,75
prefetch_layers,vacuum,ALL,layers_75,75,2,13.01,75,75
prefetch_layers,vacuum,ALL,layers_75,75,3,12.2,75,75
prefetch_layers,vacuum,ALL,layers_76,76,1,12.63,76,76
prefetch_layers,vacuum,ALL,layers_76,76,2,12.68,76,76
prefetch_layers,vacuum,ALL,layers_76,76,3,13.59,76,76
prefetch_layers,vacuum,ALL,layers_77,77,1,12.8,77,77
prefetch_layers,vacuum,ALL,layers_77,77,2,13.02,77,77
prefetch_layers,vacuum,ALL,layers_77,77,3,12.7,77,77
prefetch_layers,vacuum,ALL,layers_78,78,1,13.35,78,78
prefetch_layers,vacuum,ALL,layers_78,78,2,13.05,78,78
prefetch_layers,vacuum,ALL,layers_78,78,3,12.77,78,78
prefetch_layers,vacuum,ALL,layers_79,79,1,13.21,79,79
prefetch_layers,vacuum,ALL,layers_79,79,2,14.84,79,79
prefetch_layers,vacuum,ALL,layers_79,79,3,12.95,79,79
prefetch_layers,vacuum,ALL,layers_80,80,1,12.95,80,80
prefetch_layers,vacuum,ALL,layers_80,80,2,13.26,80,80
prefetch_layers,vacuum,ALL,layers_80,80,3,14.21,80,80
prefetch_layers,vacuum,ALL,layers_81,81,1,12.95,81,81
prefetch_layers,vacuum,ALL,layers_81,81,2,13.63,81,81
prefetch_layers,vacuum,ALL,layers_81,81,3,13.29,81,81
prefetch_layers,vacuum,ALL,layers_82,82,1,14.25,82,82
prefetch_layers,vacuum,ALL,layers_82,82,2,13.31,82,82
prefetch_layers,vacuum,ALL,layers_82,82,3,13.75,82,82
prefetch_layers,vacuum,ALL,layers_83,83,1,13.94,83,83
prefetch_layers,vacuum,ALL,layers_83,83,2,13.22,83,83
prefetch_layers,vacuum,ALL,layers_83,83,3,13.65,83,83
prefetch_layers,vacuum,ALL,layers_84,84,1,17.0,84,84
prefetch_layers,vacuum,ALL,layers_84,84,2,14.56,84,84
prefetch_layers,vacuum,ALL,layers_84,84,3,14.03,84,84
prefetch_layers,vacuum,ALL,layers_85,85,1,14.32,85,85
prefetch_layers,vacuum,ALL,layers_85,85,2,14.27,85,85
prefetch_layers,vacuum,ALL,layers_85,85,3,14.12,85,85
prefetch_layers,vacuum,ALL,layers_86,86,1,13.39,85,85
prefetch_layers,vacuum,ALL,layers_86,86,2,14.58,85,85
prefetch_layers,vacuum,ALL,layers_86,86,3,14.08,85,85
prefetch_layers,vacuum,ALL,layers_87,87,1,14.48,85,85
prefetch_layers,vacuum,ALL,layers_87,87,2,13.66,85,85
prefetch_layers,vacuum,ALL,layers_87,87,3,14.53,85,85
prefetch_layers,vacuum,ALL,layers_88,88,1,14.07,85,85
prefetch_layers,vacuum,ALL,layers_88,88,2,14.51,85,85
prefetch_layers,vacuum,ALL,layers_88,88,3,13.75,85,85
prefetch_layers,vacuum,ALL,layers_89,89,1,13.8,85,85
prefetch_layers,vacuum,ALL,layers_89,89,2,14.28,85,85
prefetch_layers,vacuum,ALL,layers_89,89,3,13.84,85,85
prefetch_layers,vacuum,ALL,layers_90,90,1,14.53,85,85
prefetch_layers,vacuum,ALL,layers_90,90,2,13.57,85,85
prefetch_layers,vacuum,ALL,layers_90,90,3,13.95,85,85
prefetch_layers,vacuum,ALL,layers_91,91,1,13.74,85,85
prefetch_layers,vacuum,ALL,layers_91,91,2,13.95,85,85
prefetch_layers,vacuum,ALL,layers_91,91,3,14.6,85,85
prefetch_layers,vacuum,ALL,layers_92,92,1,13.62,85,85
prefetch_layers,vacuum,ALL,layers_92,92,2,14.26,85,85
prefetch_layers,vacuum,ALL,layers_92,92,3,13.85,85,85
prefetch_layers,ta,ALL,layers_0,0,1,0.0,0,0
prefetch_layers,ta,ALL,layers_0,0,2,0.0,0,0
prefetch_layers,ta,ALL,layers_0,0,3,0.0,0,0
prefetch_layers,ta,ALL,layers_1,1,1,1.26,1,1
prefetch_layers,ta,ALL,layers_1,1,2,1.22,1,1
prefetch_layers,ta,ALL,layers_1,1,3,0.65,1,1
prefetch_layers,ta,ALL,layers_2,2,1,1.37,2,2
prefetch_layers,ta,ALL,layers_2,2,2,1.35,2,2
prefetch_layers,ta,ALL,layers_2,2,3,0.74,2,2
prefetch_layers,ta,ALL,layers_3,3,1,0.72,3,3
prefetch_layers,ta,ALL,layers_3,3,2,1.22,3,3
prefetch_layers,ta,ALL,layers_3,3,3,1.2,3,3
prefetch_layers,ta,ALL,layers_4,4,1,1.03,4,4
prefetch_layers,ta,ALL,layers_4,4,2,1.51,4,4
prefetch_layers,ta,ALL,layers_4,4,3,1.07,4,4
prefetch_layers,ta,ALL,layers_5,5,1,0.98,5,5
prefetch_layers,ta,ALL,layers_5,5,2,1.6,5,5
prefetch_layers,ta,ALL,layers_5,5,3,1.09,5,5
prefetch_layers,ta,ALL,layers_6,6,1,1.35,6,6
prefetch_layers,ta,ALL,layers_6,6,2,1.57,6,6
prefetch_layers,ta,ALL,layers_6,6,3,1.15,6,6
prefetch_layers,ta,ALL,layers_7,7,1,1.73,7,7
prefetch_layers,ta,ALL,layers_7,7,2,2.03,7,7
prefetch_layers,ta,ALL,layers_7,7,3,1.29,7,7
prefetch_layers,ta,ALL,layers_8,8,1,2.04,8,8
prefetch_layers,ta,ALL,layers_8,8,2,2.04,8,8
prefetch_layers,ta,ALL,layers_8,8,3,1.94,8,8
prefetch_layers,ta,ALL,layers_9,9,1,2.17,9,9
prefetch_layers,ta,ALL,layers_9,9,2,2.21,9,9
prefetch_layers,ta,ALL,layers_9,9,3,1.84,9,9
prefetch_layers,ta,ALL,layers_10,10,1,1.76,10,10
prefetch_layers,ta,ALL,layers_10,10,2,1.93,10,10
prefetch_layers,ta,ALL,layers_10,10,3,2.4,10,10
prefetch_layers,ta,ALL,layers_11,11,1,2.5,11,11
prefetch_layers,ta,ALL,layers_11,11,2,2.37,11,11
prefetch_layers,ta,ALL,layers_11,11,3,2.01,11,11
prefetch_layers,ta,ALL,layers_12,12,1,2.25,12,12
prefetch_layers,ta,ALL,layers_12,12,2,3.36,12,12
prefetch_layers,ta,ALL,layers_12,12,3,2.6,12,12
prefetch_layers,ta,ALL,layers_13,13,1,2.58,13,13
prefetch_layers,ta,ALL,layers_13,13,2,3.0,13,13
prefetch_layers,ta,ALL,layers_13,13,3,2.73,13,13
prefetch_layers,ta,ALL,layers_14,14,1,2.6,14,14
prefetch_layers,ta,ALL,layers_14,14,2,2.98,14,14
prefetch_layers,ta,ALL,layers_14,14,3,2.6,14,14
prefetch_layers,ta,ALL,layers_15,15,1,2.73,15,15
prefetch_layers,ta,ALL,layers_15,15,2,2.58,15,15
prefetch_layers,ta,ALL,layers_15,15,3,3.0,15,15
prefetch_layers,ta,ALL,layers_16,16,1,3.09,16,16
prefetch_layers,ta,ALL,layers_16,16,2,2.85,16,16
prefetch_layers,ta,ALL,layers_16,16,3,3.21,16,16
prefetch_layers,ta,ALL,layers_17,17,1,3.28,17,17
prefetch_layers,ta,ALL,layers_17,17,2,2.83,17,17
prefetch_layers,ta,ALL,layers_17,17,3,2.94,17,17
prefetch_layers,ta,ALL,layers_18,18,1,2.75,18,18
prefetch_layers,ta,ALL,layers_18,18,2,3.23,18,18
prefetch_layers,ta,ALL,layers_18,18,3,3.6,18,18
prefetch_layers,ta,ALL,layers_19,19,1,3.58,19,19
prefetch_layers,ta,ALL,layers_19,19,2,3.32,19,19
prefetch_layers,ta,ALL,layers_19,19,3,3.04,19,19
prefetch_layers,ta,ALL,layers_20,20,1,3.17,20,20
prefetch_layers,ta,ALL,layers_20,20,2,3.24,20,20
prefetch_layers,ta,ALL,layers_20,20,3,3.18,20,20
prefetch_layers,ta,ALL,layers_21,21,1,3.15,21,21
prefetch_layers,ta,ALL,layers_21,21,2,3.31,21,21
prefetch_layers,ta,ALL,layers_21,21,3,3.45,21,21
prefetch_layers,ta,ALL,layers_22,22,1,3.53,22,22
prefetch_layers,ta,ALL,layers_22,22,2,3.61,22,22
prefetch_layers,ta,ALL,layers_22,22,3,3.42,22,22
prefetch_layers,ta,ALL,layers_23,23,1,3.45,23,23
prefetch_layers,ta,ALL,layers_23,23,2,4.44,23,23
prefetch_layers,ta,ALL,layers_23,23,3,4.13,23,23
prefetch_layers,ta,ALL,layers_24,24,1,3.76,24,24
prefetch_layers,ta,ALL,layers_24,24,2,4.24,24,24
prefetch_layers,ta,ALL,layers_24,24,3,3.93,24,24
prefetch_layers,ta,ALL,layers_25,25,1,4.43,25,25
prefetch_layers,ta,ALL,layers_25,25,2,4.11,25,25
prefetch_layers,ta,ALL,layers_25,25,3,4.38,25,25
prefetch_layers,ta,ALL,layers_26,26,1,4.41,26,26
prefetch_layers,ta,ALL,layers_26,26,2,4.11,26,26
prefetch_layers,ta,ALL,layers_26,26,3,4.71,26,26
prefetch_layers,ta,ALL,layers_27,27,1,4.75,27,27
prefetch_layers,ta,ALL,layers_27,27,2,4.77,27,27
prefetch_layers,ta,ALL,layers_27,27,3,4.61,27,27
prefetch_layers,ta,ALL,layers_28,28,1,8.77,28,28
prefetch_layers,ta,ALL,layers_28,28,2,4.74,28,28
prefetch_layers,ta,ALL,layers_28,28,3,5.77,28,28
prefetch_layers,ta,ALL,layers_29,29,1,4.76,29,29
prefetch_layers,ta,ALL,layers_29,29,2,4.67,29,29
prefetch_layers,ta,ALL,layers_29,29,3,4.52,29,29
prefetch_layers,ta,ALL,layers_30,30,1,4.76,30,30
prefetch_layers,ta,ALL,layers_30,30,2,5.33,30,30
prefetch_layers,ta,ALL,layers_30,30,3,5.08,30,30
prefetch_layers,ta,ALL,layers_31,31,1,4.93,31,31
prefetch_layers,ta,ALL,layers_31,31,2,4.59,31,31
prefetch_layers,ta,ALL,layers_31,31,3,4.78,31,31
prefetch_layers,ta,ALL,layers_32,32,1,4.92,32,32
prefetch_layers,ta,ALL,layers_32,32,2,5.09,32,32
prefetch_layers,ta,ALL,layers_32,32,3,4.69,32,32
prefetch_layers,ta,ALL,layers_33,33,1,5.2,33,33
prefetch_layers,ta,ALL,layers_33,33,2,5.49,33,33
prefetch_layers,ta,ALL,layers_33,33,3,5.81,33,33
prefetch_layers,ta,ALL,layers_34,34,1,5.2,34,34
prefetch_layers,ta,ALL,layers_34,34,2,5.35,34,34
prefetch_layers,ta,ALL,layers_34,34,3,4.96,34,34
prefetch_layers,ta,ALL,layers_35,35,1,5.83,35,35
prefetch_layers,ta,ALL,layers_35,35,2,5.68,35,35
prefetch_layers,ta,ALL,layers_35,35,3,5.82,35,35
prefetch_layers,ta,ALL,layers_36,36,1,5.79,36,36
prefetch_layers,ta,ALL,layers_36,36,2,5.67,36,36
prefetch_layers,ta,ALL,layers_36,36,3,5.12,36,36
prefetch_layers,ta,ALL,layers_37,37,1,5.84,37,37
prefetch_layers,ta,ALL,layers_37,37,2,5.9,37,37
prefetch_layers,ta,ALL,layers_37,37,3,6.21,37,37
prefetch_layers,ta,ALL,layers_38,38,1,5.77,38,38
prefetch_layers,ta,ALL,layers_38,38,2,6.35,38,38
prefetch_layers,ta,ALL,layers_38,38,3,6.05,38,38
prefetch_layers,ta,ALL,layers_39,39,1,6.09,39,39
prefetch_layers,ta,ALL,layers_39,39,2,5.69,39,39
prefetch_layers,ta,ALL,layers_39,39,3,5.95,39,39
prefetch_layers,ta,ALL,layers_40,40,1,6.46,40,40
prefetch_layers,ta,ALL,layers_40,40,2,6.12,40,40
prefetch_layers,ta,ALL,layers_40,40,3,6.23,40,40
prefetch_layers,ta,ALL,layers_41,41,1,6.51,41,41
prefetch_layers,ta,ALL,layers_41,41,2,6.78,41,41
prefetch_layers,ta,ALL,layers_41,41,3,6.02,41,41
prefetch_layers,ta,ALL,layers_42,42,1,7.36,42,42
prefetch_layers,ta,ALL,layers_42,42,2,6.79,42,42
prefetch_layers,ta,ALL,layers_42,42,3,6.52,42,42
prefetch_layers,ta,ALL,layers_43,43,1,6.46,43,43
prefetch_layers,ta,ALL,layers_43,43,2,6.65,43,43
prefetch_layers,ta,ALL,layers_43,43,3,6.82,43,43
prefetch_layers,ta,ALL,layers_44,44,1,7.5,44,44
prefetch_layers,ta,ALL,layers_44,44,2,6.99,44,44
prefetch_layers,ta,ALL,layers_44,44,3,7.15,44,44
prefetch_layers,ta,ALL,layers_45,45,1,7.11,45,45
prefetch_layers,ta,ALL,layers_45,45,2,7.21,45,45
prefetch_layers,ta,ALL,layers_45,45,3,7.21,45,45
prefetch_layers,ta,ALL,layers_46,46,1,7.13,46,46
prefetch_layers,ta,ALL,layers_46,46,2,7.35,46,46
prefetch_layers,ta,ALL,layers_46,46,3,7.53,46,46
prefetch_layers,ta,ALL,layers_47,47,1,6.84,47,47
prefetch_layers,ta,ALL,layers_47,47,2,6.99,47,47
prefetch_layers,ta,ALL,layers_47,47,3,6.74,47,47
prefetch_layers,ta,ALL,layers_48,48,1,7.75,48,48
prefetch_layers,ta,ALL,layers_48,48,2,7.47,48,48
prefetch_layers,ta,ALL,layers_48,48,3,7.65,48,48
prefetch_layers,ta,ALL,layers_49,49,1,7.13,49,49
prefetch_layers,ta,ALL,layers_49,49,2,7.92,49,49
prefetch_layers,ta,ALL,layers_49,49,3,7.86,49,49
prefetch_layers,ta,ALL,layers_50,50,1,8.02,50,50
prefetch_layers,ta,ALL,layers_50,50,2,7.57,50,50
prefetch_layers,ta,ALL,layers_50,50,3,7.7,50,50
prefetch_layers,ta,ALL,layers_51,51,1,7.96,51,51
prefetch_layers,ta,ALL,layers_51,51,2,7.79,51,51
prefetch_layers,ta,ALL,layers_51,51,3,7.61,51,51
prefetch_layers,ta,ALL,layers_52,52,1,8.5,52,52
prefetch_layers,ta,ALL,layers_52,52,2,8.11,52,52
prefetch_layers,ta,ALL,layers_52,52,3,7.84,52,52
prefetch_layers,ta,ALL,layers_53,53,1,8.66,53,53
prefetch_layers,ta,ALL,layers_53,53,2,8.01,53,53
prefetch_layers,ta,ALL,layers_53,53,3,8.22,53,53
prefetch_layers,ta,ALL,layers_54,54,1,7.75,54,54
prefetch_layers,ta,ALL,layers_54,54,2,8.7,54,54
prefetch_layers,ta,ALL,layers_54,54,3,8.44,54,54
prefetch_layers,ta,ALL,layers_55,55,1,8.41,55,55
prefetch_layers,ta,ALL,layers_55,55,2,7.91,55,55
prefetch_layers,ta,ALL,layers_55,55,3,8.73,55,55
prefetch_layers,ta,ALL,layers_56,56,1,8.5,56,56
prefetch_layers,ta,ALL,layers_56,56,2,8.97,56,56
prefetch_layers,ta,ALL,layers_56,56,3,8.62,56,56
prefetch_layers,ta,ALL,layers_57,57,1,8.6,57,57
prefetch_layers,ta,ALL,layers_57,57,2,9.07,57,57
prefetch_layers,ta,ALL,layers_57,57,3,8.76,57,57
prefetch_layers,ta,ALL,layers_58,58,1,8.85,58,58
prefetch_layers,ta,ALL,layers_58,58,2,9.02,58,58
prefetch_layers,ta,ALL,layers_58,58,3,8.85,58,58
prefetch_layers,ta,ALL,layers_59,59,1,9.3,59,59
prefetch_layers,ta,ALL,layers_59,59,2,8.99,59,59
prefetch_layers,ta,ALL,layers_59,59,3,8.97,59,59
prefetch_layers,ta,ALL,layers_60,60,1,9.23,60,60
prefetch_layers,ta,ALL,layers_60,60,2,9.13,60,60
prefetch_layers,ta,ALL,layers_60,60,3,9.64,60,60
prefetch_layers,ta,ALL,layers_61,61,1,9.33,61,61
prefetch_layers,ta,ALL,layers_61,61,2,9.25,61,61
prefetch_layers,ta,ALL,layers_61,61,3,8.94,61,61
prefetch_layers,ta,ALL,layers_62,62,1,9.21,62,62
prefetch_layers,ta,ALL,layers_62,62,2,9.86,62,62
prefetch_layers,ta,ALL,layers_62,62,3,9.4,62,62
prefetch_layers,ta,ALL,layers_63,63,1,9.28,63,63
prefetch_layers,ta,ALL,layers_63,63,2,9.82,63,63
prefetch_layers,ta,ALL,layers_63,63,3,8.95,63,63
prefetch_layers,ta,ALL,layers_64,64,1,9.82,64,64
prefetch_layers,ta,ALL,layers_64,64,2,9.8,64,64
prefetch_layers,ta,ALL,layers_64,64,3,10.13,64,64
prefetch_layers,ta,ALL,layers_65,65,1,9.64,65,65
prefetch_layers,ta,ALL,layers_65,65,2,9.44,65,65
prefetch_layers,ta,ALL,layers_65,65,3,9.49,65,65
prefetch_layers,ta,ALL,layers_66,66,1,9.93,66,66
prefetch_layers,ta,ALL,layers_66,66,2,9.68,66,66
prefetch_layers,ta,ALL,layers_66,66,3,10.55,66,66
prefetch_layers,ta,ALL,layers_67,67,1,9.92,67,67
prefetch_layers,ta,ALL,layers_67,67,2,10.27,67,67
prefetch_layers,ta,ALL,layers_67,67,3,9.51,67,67
prefetch_layers,ta,ALL,layers_68,68,1,10.08,68,68
prefetch_layers,ta,ALL,layers_68,68,2,9.75,68,68
prefetch_layers,ta,ALL,layers_68,68,3,9.99,68,68
prefetch_layers,ta,ALL,layers_69,69,1,9.85,69,69
prefetch_layers,ta,ALL,layers_69,69,2,12.98,69,69
prefetch_layers,ta,ALL,layers_69,69,3,9.89,69,69
prefetch_layers,ta,ALL,layers_70,70,1,10.64,70,70
prefetch_layers,ta,ALL,layers_70,70,2,10.78,70,70
prefetch_layers,ta,ALL,layers_70,70,3,10.61,70,70
prefetch_layers,ta,ALL,layers_71,71,1,10.72,71,71
prefetch_layers,ta,ALL,layers_71,71,2,11.11,71,71
prefetch_layers,ta,ALL,layers_71,71,3,10.64,71,71
prefetch_layers,ta,ALL,layers_72,72,1,10.99,72,72
prefetch_layers,ta,ALL,layers_72,72,2,10.84,72,72
prefetch_layers,ta,ALL,layers_72,72,3,11.12,72,72
prefetch_layers,ta,ALL,layers_73,73,1,10.81,73,73
prefetch_layers,ta,ALL,layers_73,73,2,10.83,73,73
prefetch_layers,ta,ALL,layers_73,73,3,11.06,73,73
prefetch_layers,ta,ALL,layers_74,74,1,11.49,74,74
prefetch_layers,ta,ALL,layers_74,74,2,10.49,74,74
prefetch_layers,ta,ALL,layers_74,74,3,11.12,74,74
prefetch_layers,ta,ALL,layers_75,75,1,11.2,75,75
prefetch_layers,ta,ALL,layers_75,75,2,11.67,75,75
prefetch_layers,ta,ALL,layers_75,75,3,10.65,75,75
prefetch_layers,ta,ALL,layers_76,76,1,11.72,76,76
prefetch_layers,ta,ALL,layers_76,76,2,10.71,76,76
prefetch_layers,ta,ALL,layers_76,76,3,11.94,76,76
prefetch_layers,ta,ALL,layers_77,77,1,11.47,77,77
prefetch_layers,ta,ALL,layers_77,77,2,11.89,77,77
prefetch_layers,ta,ALL,layers_77,77,3,11.59,77,77
prefetch_layers,ta,ALL,layers_78,78,1,12.15,78,78
prefetch_layers,ta,ALL,layers_78,78,2,11.65,78,78
prefetch_layers,ta,ALL,layers_78,78,3,11.95,78,78
prefetch_layers,ta,ALL,layers_79,79,1,11.59,79,79
prefetch_layers,ta,ALL,layers_79,79,2,11.85,79,79
prefetch_layers,ta,ALL,layers_79,79,3,11.52,79,79
prefetch_layers,ta,ALL,layers_80,80,1,12.53,80,80
prefetch_layers,ta,ALL,layers_80,80,2,11.69,80,80
prefetch_layers,ta,ALL,layers_80,80,3,12.33,80,80
prefetch_layers,ta,ALL,layers_81,81,1,11.66,81,81
prefetch_layers,ta,ALL,layers_81,81,2,12.14,81,81
prefetch_layers,ta,ALL,layers_81,81,3,12.25,81,81
prefetch_layers,ta,ALL,layers_82,82,1,12.74,82,82
prefetch_layers,ta,ALL,layers_82,82,2,11.7,82,82
prefetch_layers,ta,ALL,layers_82,82,3,12.78,82,82
prefetch_layers,ta,ALL,layers_83,83,1,11.65,83,83
prefetch_layers,ta,ALL,layers_83,83,2,12.45,83,83
prefetch_layers,ta,ALL,layers_83,83,3,12.56,83,83
prefetch_layers,ta,ALL,layers_84,84,1,12.73,84,84
prefetch_layers,ta,ALL,layers_84,84,2,12.89,84,84
prefetch_layers,ta,ALL,layers_84,84,3,12.65,84,84
prefetch_layers,ta,ALL,layers_85,85,1,12.78,85,85
prefetch_layers,ta,ALL,layers_85,85,2,12.26,85,85
prefetch_layers,ta,ALL,layers_85,85,3,12.63,85,85
prefetch_layers,ta,ALL,layers_86,86,1,12.3,86,86
prefetch_layers,ta,ALL,layers_86,86,2,12.81,86,86
prefetch_layers,ta,ALL,layers_86,86,3,12.66,86,86
prefetch_layers,ta,ALL,layers_87,87,1,13.46,87,87
prefetch_layers,ta,ALL,layers_87,87,2,13.03,87,87
prefetch_layers,ta,ALL,layers_87,87,3,13.03,87,87
prefetch_layers,ta,ALL,layers_88,88,1,12.98,88,88
prefetch_layers,ta,ALL,layers_88,88,2,13.52,88,88
prefetch_layers,ta,ALL,layers_88,88,3,12.94,88,88
prefetch_layers,ta,ALL,layers_89,89,1,12.86,89,89
prefetch_layers,ta,ALL,layers_89,89,2,13.73,89,89
prefetch_layers,ta,ALL,layers_89,89,3,13.01,89,89
prefetch_layers,ta,ALL,layers_90,90,1,13.48,90,90
prefetch_layers,ta,ALL,layers_90,90,2,12.6,90,90
prefetch_layers,ta,ALL,layers_90,90,3,13.19,90,90
prefetch_layers,ta,ALL,layers_91,91,1,12.85,91,91
prefetch_layers,ta,ALL,layers_91,91,2,13.39,91,91
prefetch_layers,ta,ALL,layers_91,91,3,12.78,91,91
prefetch_layers,ta,ALL,layers_92,92,1,14.32,92,92
prefetch_layers,ta,ALL,layers_92,92,2,12.99,92,92
prefetch_layers,ta,ALL,layers_92,92,3,13.94,92,92
prefetch_access,orig,A,2d,0,1,6.29,18,18
prefetch_access,orig,A,2d,0,2,4.1,18,18
prefetch_access,orig,A,2d,0,3,5.54,18,18
prefetch_access,orig,A,2e_K10,10,1,7.72,28,28
prefetch_access,orig,A,2e_K10,10,2,6.85,28,28
prefetch_access,orig,A,2e_K10,10,3,5.75,28,28
prefetch_access,orig,A,2e_K40,40,1,14.76,58,58
prefetch_access,orig,A,2e_K40,40,2,14.1,58,58
prefetch_access,orig,A,2e_K40,40,3,10.39,58,58
prefetch_access,orig,A,2e_K50,50,1,13.16,68,68
prefetch_access,orig,A,2e_K50,50,2,12.81,68,68
prefetch_access,orig,A,2e_K50,50,3,12.53,68,68
prefetch_access,orig,A,2e_K92,92,1,22.33,110,110
prefetch_access,orig,A,2e_K92,92,2,21.28,110,110
prefetch_access,orig,A,2e_K92,92,3,19.5,110,110
prefetch_access,orig,A,2e_K100,100,1,20.22,118,118
prefetch_access,orig,A,2e_K100,100,2,19.75,118,118
prefetch_access,orig,A,2e_K100,100,3,23.44,118,118
prefetch_access,orig,A,2e_K500,500,1,83.87,518,518
prefetch_access,orig,A,2e_K500,500,2,85.75,518,518
prefetch_access,orig,A,2e_K500,500,3,78.41,518,518
prefetch_access,vacuum,A,2d,0,1,3.29,12,12
prefetch_access,vacuum,A,2d,0,2,3.88,12,12
prefetch_access,vacuum,A,2d,0,3,2.96,12,12
prefetch_access,vacuum,A,2e_K10,10,1,5.93,22,22
prefetch_access,vacuum,A,2e_K10,10,2,5.16,22,22
prefetch_access,vacuum,A,2e_K10,10,3,4.04,22,22
prefetch_access,vacuum,A,2e_K40,40,1,13.14,52,52
prefetch_access,vacuum,A,2e_K40,40,2,11.39,52,52
prefetch_access,vacuum,A,2e_K40,40,3,9.32,52,52
prefetch_access,vacuum,A,2e_K50,50,1,12.67,62,62
prefetch_access,vacuum,A,2e_K50,50,2,12.72,62,62
prefetch_access,vacuum,A,2e_K50,50,3,10.84,62,62
prefetch_access,vacuum,A,2e_K92,92,1,20.57,104,104
prefetch_access,vacuum,A,2e_K92,92,2,18.46,104,104
prefetch_access,vacuum,A,2e_K92,92,3,17.21,104,104
prefetch_access,vacuum,A,2e_K100,100,1,18.5,112,112
prefetch_access,vacuum,A,2e_K100,100,2,18.84,112,112
prefetch_access,vacuum,A,2e_K100,100,3,18.25,112,112
prefetch_access,vacuum,A,2e_K500,500,1,85.55,512,512
prefetch_access,vacuum,A,2e_K500,500,2,79.92,512,512
prefetch_access,vacuum,A,2e_K500,500,3,80.28,512,512
prefetch_access,ta,A,2d,0,1,6.38,31,31
prefetch_access,ta,A,2d,0,2,5.71,31,31
prefetch_access,ta,A,2d,0,3,5.45,31,31
prefetch_access,ta,A,2e_K10,10,1,8.44,41,41
prefetch_access,ta,A,2e_K10,10,2,8.56,41,41
prefetch_access,ta,A,2e_K10,10,3,7.39,41,41
prefetch_access,ta,A,2e_K40,40,1,15.69,71,71
prefetch_access,ta,A,2e_K40,40,2,12.26,71,71
prefetch_access,ta,A,2e_K40,40,3,11.29,71,71
prefetch_access,ta,A,2e_K50,50,1,19.15,81,81
prefetch_access,ta,A,2e_K50,50,2,13.65,81,81
prefetch_access,ta,A,2e_K50,50,3,13.6,81,81
prefetch_access,ta,A,2e_K92,92,1,23.34,123,123
prefetch_access,ta,A,2e_K92,92,2,23.15,123,123
prefetch_access,ta,A,2e_K92,92,3,20.13,123,123
prefetch_access,ta,A,2e_K100,100,1,22.33,131,131
prefetch_access,ta,A,2e_K100,100,2,21.7,131,131
prefetch_access,ta,A,2e_K100,100,3,21.91,131,131
prefetch_access,ta,A,2e_K500,500,1,84.55,531,531
prefetch_access,ta,A,2e_K500,500,2,86.38,531,531
prefetch_access,ta,A,2e_K500,500,3,79.31,531,531
prefetch_access,orig,B,2d,0,1,3.68,16,16
prefetch_access,orig,B,2d,0,2,5.2,16,16
prefetch_access,orig,B,2d,0,3,3.25,16,16
prefetch_access,orig,B,2e_K10,10,1,6.58,26,26
prefetch_access,orig,B,2e_K10,10,2,5.86,26,26
prefetch_access,orig,B,2e_K10,10,3,4.89,26,26
prefetch_access,orig,B,2e_K40,40,1,12.5,56,56
prefetch_access,orig,B,2e_K40,40,2,12.67,56,56
prefetch_access,orig,B,2e_K40,40,3,9.86,56,56
prefetch_access,orig,B,2e_K50,50,1,13.08,66,66
prefetch_access,orig,B,2e_K50,50,2,12.87,66,66
prefetch_access,orig,B,2e_K50,50,3,11.29,66,66
prefetch_access,orig,B,2e_K92,92,1,20.9,108,108
prefetch_access,orig,B,2e_K92,92,2,20.83,108,108
prefetch_access,orig,B,2e_K92,92,3,18.71,108,108
prefetch_access,orig,B,2e_K100,100,1,20.07,116,116
prefetch_access,orig,B,2e_K100,100,2,20.8,116,116
prefetch_access,orig,B,2e_K100,100,3,19.56,116,116
prefetch_access,orig,B,2e_K500,500,1,84.61,516,516
prefetch_access,orig,B,2e_K500,500,2,83.72,516,516
prefetch_access,orig,B,2e_K500,500,3,78.17,516,516
prefetch_access,vacuum,B,2d,0,1,2.87,12,12
prefetch_access,vacuum,B,2d,0,2,3.88,12,12
prefetch_access,vacuum,B,2d,0,3,2.99,12,12
prefetch_access,vacuum,B,2e_K10,10,1,5.71,22,22
prefetch_access,vacuum,B,2e_K10,10,2,4.88,22,22
prefetch_access,vacuum,B,2e_K10,10,3,4.42,22,22
prefetch_access,vacuum,B,2e_K40,40,1,9.93,52,52
prefetch_access,vacuum,B,2e_K40,40,2,10.71,52,52
prefetch_access,vacuum,B,2e_K40,40,3,9.41,52,52
prefetch_access,vacuum,B,2e_K50,50,1,11.8,62,62
prefetch_access,vacuum,B,2e_K50,50,2,11.04,62,62
prefetch_access,vacuum,B,2e_K50,50,3,10.29,62,62
prefetch_access,vacuum,B,2e_K92,92,1,19.32,104,104
prefetch_access,vacuum,B,2e_K92,92,2,18.84,104,104
prefetch_access,vacuum,B,2e_K92,92,3,17.19,104,104
prefetch_access,vacuum,B,2e_K100,100,1,17.95,112,112
prefetch_access,vacuum,B,2e_K100,100,2,18.04,112,112
prefetch_access,vacuum,B,2e_K100,100,3,18.29,112,112
prefetch_access,vacuum,B,2e_K500,500,1,82.87,512,512
prefetch_access,vacuum,B,2e_K500,500,2,80.92,512,512
prefetch_access,vacuum,B,2e_K500,500,3,79.18,512,512
prefetch_access,ta,B,2d,0,1,5.6,31,31
prefetch_access,ta,B,2d,0,2,5.56,31,31
prefetch_access,ta,B,2d,0,3,5.62,31,31
prefetch_access,ta,B,2e_K10,10,1,7.07,41,41
prefetch_access,ta,B,2e_K10,10,2,8.07,41,41
prefetch_access,ta,B,2e_K10,10,3,7.6,41,41
prefetch_access,ta,B,2e_K40,40,1,14.64,71,71
prefetch_access,ta,B,2e_K40,40,2,13.6,71,71
prefetch_access,ta,B,2e_K40,40,3,12.01,71,71
prefetch_access,ta,B,2e_K50,50,1,14.73,81,81
prefetch_access,ta,B,2e_K50,50,2,14.41,81,81
prefetch_access,ta,B,2e_K50,50,3,13.37,81,81
prefetch_access,ta,B,2e_K92,92,1,22.65,123,123
prefetch_access,ta,B,2e_K92,92,2,22.68,123,123
prefetch_access,ta,B,2e_K92,92,3,19.53,123,123
prefetch_access,ta,B,2e_K100,100,1,21.39,131,131
prefetch_access,ta,B,2e_K100,100,2,21.25,131,131
prefetch_access,ta,B,2e_K100,100,3,21.25,131,131
prefetch_access,ta,B,2e_K500,500,1,87.29,531,531
prefetch_access,ta,B,2e_K500,500,2,84.1,531,531
prefetch_access,ta,B,2e_K500,500,3,79.09,531,531
prefetch_access,orig,C,2d,0,1,1.6,4,4
prefetch_access,orig,C,2d,0,2,2.08,4,4
prefetch_access,orig,C,2d,0,3,1.42,4,4
prefetch_access,orig,C,2e_K10,10,1,4.51,14,14
prefetch_access,orig,C,2e_K10,10,2,4.21,14,14
prefetch_access,orig,C,2e_K10,10,3,2.45,14,14
prefetch_access,orig,C,2e_K40,40,1,8.73,44,44
prefetch_access,orig,C,2e_K40,40,2,7.41,44,44
prefetch_access,orig,C,2e_K40,40,3,8.84,44,44
prefetch_access,orig,C,2e_K50,50,1,8.75,54,54
prefetch_access,orig,C,2e_K50,50,2,9.18,54,54
prefetch_access,orig,C,2e_K50,50,3,9.12,54,54
prefetch_access,orig,C,2e_K92,92,1,15.31,96,96
prefetch_access,orig,C,2e_K92,92,2,14.86,96,96
prefetch_access,orig,C,2e_K92,92,3,15.36,96,96
prefetch_access,orig,C,2e_K100,100,1,16.77,104,104
prefetch_access,orig,C,2e_K100,100,2,16.51,104,104
prefetch_access,orig,C,2e_K100,100,3,16.09,104,104
prefetch_access,orig,C,2e_K500,500,1,74.58,504,504
prefetch_access,orig,C,2e_K500,500,2,78.01,504,504
prefetch_access,orig,C,2e_K500,500,3,159.12,504,504
prefetch_access,vacuum,C,2d,0,1,2.05,4,4
prefetch_access,vacuum,C,2d,0,2,1.9,4,4
prefetch_access,vacuum,C,2d,0,3,1.18,4,4
prefetch_access,vacuum,C,2e_K10,10,1,6.53,14,14
prefetch_access,vacuum,C,2e_K10,10,2,3.55,14,14
prefetch_access,vacuum,C,2e_K10,10,3,3.25,14,14
prefetch_access,vacuum,C,2e_K40,40,1,8.67,44,44
prefetch_access,vacuum,C,2e_K40,40,2,8.4,44,44
prefetch_access,vacuum,C,2e_K40,40,3,7.55,44,44
prefetch_access,vacuum,C,2e_K50,50,1,9.24,54,54
prefetch_access,vacuum,C,2e_K50,50,2,10.6,54,54
prefetch_access,vacuum,C,2e_K50,50,3,8.97,54,54
prefetch_access,vacuum,C,2e_K92,92,1,14.52,96,96
prefetch_access,vacuum,C,2e_K92,92,2,30.15,96,96
prefetch_access,vacuum,C,2e_K92,92,3,15.01,96,96
prefetch_access,vacuum,C,2e_K100,100,1,17.0,104,104
prefetch_access,vacuum,C,2e_K100,100,2,17.8,104,104
prefetch_access,vacuum,C,2e_K100,100,3,16.84,104,104
prefetch_access,vacuum,C,2e_K500,500,1,74.97,504,504
prefetch_access,vacuum,C,2e_K500,500,2,76.41,504,504
prefetch_access,vacuum,C,2e_K500,500,3,74.18,504,504
prefetch_access,ta,C,2d,0,1,5.62,32,32
prefetch_access,ta,C,2d,0,2,5.92,32,32
prefetch_access,ta,C,2d,0,3,4.95,32,32
prefetch_access,ta,C,2e_K10,10,1,8.36,42,42
prefetch_access,ta,C,2e_K10,10,2,8.41,42,42
prefetch_access,ta,C,2e_K10,10,3,8.02,42,42
prefetch_access,ta,C,2e_K40,40,1,13.3,72,72
prefetch_access,ta,C,2e_K40,40,2,12.81,72,72
prefetch_access,ta,C,2e_K40,40,3,11.23,72,72
prefetch_access,ta,C,2e_K50,50,1,13.69,82,82
prefetch_access,ta,C,2e_K50,50,2,13.57,82,82
prefetch_access,ta,C,2e_K50,50,3,13.88,82,82
prefetch_access,ta,C,2e_K92,92,1,18.73,124,124
prefetch_access,ta,C,2e_K92,92,2,18.5,124,124
prefetch_access,ta,C,2e_K92,92,3,19.29,124,124
prefetch_access,ta,C,2e_K100,100,1,21.0,132,132
prefetch_access,ta,C,2e_K100,100,2,19.81,132,132
prefetch_access,ta,C,2e_K100,100,3,20.9,132,132
prefetch_access,ta,C,2e_K500,500,1,78.43,532,532
prefetch_access,ta,C,2e_K500,500,2,80.71,532,532
prefetch_access,ta,C,2e_K500,500,3,78.8,532,532
prefetch_slru,orig,A,2f_SLRU,,1,1807.75,4048,4048
prefetch_slru,orig,A,2f_SLRU,,2,1928.3,4048,4048
prefetch_slru,orig,A,2f_SLRU,,3,1752.83,4048,4048
prefetch_slru,vacuum,A,2f_SLRU,,1,1626.08,3369,3369
prefetch_slru,vacuum,A,2f_SLRU,,2,1671.23,3369,3369
prefetch_slru,vacuum,A,2f_SLRU,,3,1599.03,3369,3369
prefetch_slru,ta,A,2f_SLRU,,1,1795.05,4043,4043
prefetch_slru,ta,A,2f_SLRU,,2,1719.51,4043,4043
prefetch_slru,ta,A,2f_SLRU,,3,1798.27,4043,4043
prefetch_slru,orig,B,2f_SLRU,,1,1750.87,4122,4122
prefetch_slru,orig,B,2f_SLRU,,2,1809.78,4122,4122
prefetch_slru,orig,B,2f_SLRU,,3,2021.9,4122,4122
prefetch_slru,vacuum,B,2f_SLRU,,1,1655.26,3373,3373
prefetch_slru,vacuum,B,2f_SLRU,,2,1585.18,3373,3373
prefetch_slru,vacuum,B,2f_SLRU,,3,1662.22,3373,3373
prefetch_slru,ta,B,2f_SLRU,,1,1737.58,4107,4107
prefetch_slru,ta,B,2f_SLRU,,2,1804.57,4107,4107
prefetch_slru,ta,B,2f_SLRU,,3,1717.86,4107,4107
prefetch_slru,orig,C,2f_SLRU,,1,1245.5,420,420
prefetch_slru,orig,C,2f_SLRU,,2,1209.34,420,420
prefetch_slru,orig,C,2f_SLRU,,3,1257.66,420,420
prefetch_slru,vacuum,C,2f_SLRU,,1,1168.92,394,394
prefetch_slru,vacuum,C,2f_SLRU,,2,1231.82,394,394
prefetch_slru,vacuum,C,2f_SLRU,,3,1162.32,394,394
prefetch_slru,ta,C,2f_SLRU,,1,1256.57,417,417
prefetch_slru,ta,C,2f_SLRU,,2,1230.48,417,417
prefetch_slru,ta,C,2f_SLRU,,3,1256.58,417,417
